,longName,open,previousClose,dayLow,dayHigh,regularMarketOpen,regularMarketPreviousClose,regularMarketDayLow,regularMarketDayHigh,Diferencia
0,"10x Genomics, Inc.",37.39,37.43,36.31,37.88,37.39,37.43,36.31,37.88,1.9791976416063874
1,2x Bitcoin Strategy ETF,43.74,45.11,41.82,47.14,43.74,45.11,41.82,47.14,1.309470223091744
2,2x Long VIX Futures ETF,9.49,9.455,8.96,9.54,9.49,9.455,8.96,9.54,4.403347912513221
3,"AAON, Inc.",85.4,85.18,84.29,85.88,85.4,85.18,84.29,85.88,1.8278116908506288
4,AAR Corp.,62.8,63.1,62.77,64.82,62.8,63.1,62.77,64.82,1.4447827244935771
5,"Academy Sports and Outdoors, Inc.",71.43,71.07,70.405,72.16,71.43,71.07,70.405,72.16,1.7861755384335374
6,"Acadia Healthcare Company, Inc.",78.55,78.5,76.21,78.55,78.55,78.5,76.21,78.55,1.8687351513285881
7,Acushnet Holdings Corp.,62.53,62.02,62.0,63.52,62.53,62.02,62.0,63.52,1.3727171630256452
8,"Advance Auto Parts, Inc.",85.17,83.83,83.75,85.35,85.17,83.83,83.75,85.35,2.33662315294915
9,"Advanced Energy Industries, Inc.",94.29,94.77,93.77,96.995,94.29,94.77,93.77,96.995,2.8889671552935745
10,AECOM,93.63,93.66,93.735,95.93,93.63,93.66,93.735,95.93,1.5036466487423492
11,Aehr Test Systems,14.32,14.36,14.235,15.2,14.32,14.36,14.235,15.2,2.0574902395014707
12,AerCap Holdings N.V.,85.52,85.65,84.79,86.31,85.52,85.65,84.79,86.31,1.438735147709903
13,"Affirm Holdings, Inc.",34.95,33.92,34.57,37.78,34.95,33.92,34.57,37.78,1.6764070714415298
14,"Agilysys, Inc.",77.94,77.92,77.9,80.01,77.94,77.92,77.9,80.01,2.418458644580464
15,"Akero Therapeutics, Inc.",25.76,25.85,24.22,25.85,25.76,25.85,24.22,25.85,1.8239525881680576
16,"Alarm.com Holdings, Inc.",73.15,73.05,72.57,73.9875,73.15,73.05,72.57,73.9875,1.3901444084559504
17,Albany International Corp.,91.4,91.96,91.4,93.992,91.4,91.96,91.4,93.992,1.8427246132573056
18,Alibaba Group Holding Limited,73.55,73.42,73.31,74.33,73.55,73.42,73.31,74.33,1.9775436929720118
19,Allegiant Travel Company,66.85,67.91,66.51,70.63,66.85,67.91,66.51,70.63,3.17263984347875
20,Altair Engineering Inc.,80.25,80.62,80.25,83.66,80.25,80.62,80.25,83.66,1.7961780110837915
21,"Ambarella, Inc.",49.46,49.64,48.46,50.675,49.46,49.64,48.46,50.675,2.177687769350798
22,"AMC Entertainment Holdings, Inc.",4.25,4.27,4.15,4.28,4.25,4.27,4.15,4.28,1.6373517324801963
23,American States Water Company,70.35,70.59,70.28,71.67,70.35,70.59,70.28,71.67,1.5749626821919267
24,Ameren Corporation,71.96,72.11,71.505,72.55,71.96,72.11,71.505,72.55,1.4279376906965402
25,"Ameresco, Inc.",19.63,19.94,19.03,20.48,19.63,19.94,19.03,20.48,1.9346640213676123
26,"American Electric Power Company, Inc.",82.93,83.32,82.68,84.02,82.93,83.32,82.68,84.02,1.4664794344160939
27,American Woodmark Corporation,96.455,97.5,96.185,98.51,96.455,97.5,96.185,98.51,2.190494039784307
28,Ameris Bancorp,45.9,46.12,45.78,48.18,45.9,46.12,45.78,48.18,1.3098512437921497
29,"AMN Healthcare Services, Inc.",64.69,65.39,64.02,66.37,64.69,65.39,64.02,66.37,2.4862847460117266
30,"Amphastar Pharmaceuticals, Inc.",44.61,44.57,44.01,44.8663,44.61,44.57,44.01,44.8663,1.7874952625380205
31,"The Andersons, Inc.",54.89,54.93,54.3893,56.18,54.89,54.93,54.3893,56.18,1.3432596381919772
32,"ANI Pharmaceuticals, Inc.",67.58,67.87,67.58,68.93,67.58,67.87,67.58,68.93,1.750987840735394
33,"Apellis Pharmaceuticals, Inc.",56.34,56.92,53.19,56.34,56.34,56.92,53.19,56.34,3.044221357865767
34,Appian Corporation,36.6,36.58,36.06,38.44,36.6,36.58,36.06,38.44,1.6600433017896568
35,AppLovin Corporation,68.15,67.64,67.2801,71.045,68.15,67.64,67.2801,71.045,1.4770470683282544
36,Aptiv PLC,78.01,77.92,77.985,79.155,78.01,77.92,77.985,79.155,2.368063251962775
37,"Arcellx, Inc.",72.94,73.04,71.645,73.86,72.94,73.04,71.645,73.86,2.278996101952353
38,Arch Capital Group Ltd.,91.59,91.67,91.36,92.57,91.59,91.67,91.36,92.57,1.5323321527171982
39,Archer-Daniels-Midland Company,61.03,61.03,60.89,61.77,61.03,61.03,60.89,61.77,1.368211909803342
40,"Arcosa, Inc.",82.2,82.1,81.85,83.7,82.2,82.1,81.85,83.7,1.681560036593805
41,Arcturus Therapeutics Holdings Inc.,33.33,33.76,32.57,33.76,33.33,33.76,32.57,33.76,1.677746916005734
42,ARK Innovation ETF,48.44,48.51,48.3,50.475,48.44,48.51,48.3,50.475,1.2843511555962501
43,ARK Next Generation Internet ETF,79.46,79.19,79.11,82.2498,79.46,79.19,79.11,82.2498,1.6165685992938257
44,"Arrowhead Pharmaceuticals, Inc.",27.5,27.77,27.09,28.36,27.5,27.77,27.09,28.36,1.4223991665444355
45,"Arvinas, Inc.",42.43,42.56,41.16,44.21,42.43,42.56,41.16,44.21,1.6600791343116006
46,Ashland Inc.,96.12,95.83,95.3372,97.61,96.12,95.83,95.3372,97.61,1.6624349691483902
47,"Astrana Health, Inc.",39.75,39.97,39.5712,42.14,39.75,39.97,39.5712,42.14,1.4696394200381553
48,Atlas Lithium Corporation,12.9,12.73,12.9,15.18,12.9,12.73,12.9,15.18,2.0659446037805127
49,"AtriCure, Inc.",31.26,31.51,28.66,31.26,31.26,31.51,28.66,31.26,1.5418183699898096
50,"Axonics, Inc.",68.63,68.7,68.55,68.94,68.63,68.7,68.55,68.94,1.8396837588826658
51,"Axos Financial, Inc.",51.15,50.78,50.76,53.81,51.15,50.78,50.76,53.81,1.5739921750758477
52,"Axsome Therapeutics, Inc.",76.69,76.87,75.52,78.61,76.69,76.87,75.52,78.61,3.096984305400622
53,"Azenta, Inc.",58.5,58.7,57.7,59.25,58.5,58.7,57.7,59.25,1.5773519282284463
54,"B. Riley Financial, Inc.",18.5,18.22,18.01,20.29,18.5,18.22,18.01,20.29,2.0176315609268523
55,Ball Corporation,64.39,64.62,64.39,65.58,64.39,64.62,64.39,65.58,1.2804568396844376
56,Banco Macro S.A.,45.61,45.53,44.912,47.95,45.61,45.53,44.912,47.95,1.3066551826866912
57,Bank of Hawaii Corporation,59.1,59.44,59.18,61.7575,59.1,59.44,59.18,61.7575,1.9485952751300268
58,Bank of Montreal,93.84,94.04,93.75,96.12,93.84,94.04,93.75,96.12,1.3066862702711475
59,Bank OZK,42.47,42.69,42.47,44.24,42.47,42.69,42.47,44.24,1.26173614051212
60,Banner Corporation,44.39,44.69,44.39,46.82,44.39,44.69,44.39,46.82,1.4369284069122383
61,"Beacon Roofing Supply, Inc.",92.6,92.7,92.6,94.61,92.6,92.7,92.6,94.61,1.8964032109075855
62,Beam Therapeutics Inc.,34.53,34.84,33.77,35.69,34.53,34.84,33.77,35.69,1.6020789316049207
63,Belden Inc.,87.87,88.29,87.57,91.17,87.87,88.29,87.57,91.17,1.9297114515574543
64,"Best Buy Co., Inc.",79.51,77.29,78.01,79.69,79.51,77.29,78.01,79.69,1.6814364467153544
65,"Beyond, Inc.",34.06,33.95,33.23,35.228,34.06,33.95,33.23,35.228,1.3327984187913977
66,"BILL Holdings, Inc.",66.45,66.53,66.08,67.42,66.45,66.53,66.08,67.42,3.906628439077747
67,"Bio-Path Holdings, Inc.",4.79,4.56,4.01,4.79,4.79,4.56,4.01,4.79,1.5805138014993179
68,Bio-Techne Corporation,70.84,70.76,70.725,71.905,70.84,70.76,70.725,71.905,2.049128717393884
69,Biohaven Ltd.,56.02,56.95,55.43,59.35,56.02,56.95,55.43,59.35,1.6195534792813389
70,BioMarin Pharmaceutical Inc.,85.01,85.27,83.85,85.18,85.01,85.27,83.85,85.18,2.008735355181185
71,"Biomea Fusion, Inc.",15.31,15.32,14.78,15.8,15.31,15.32,14.78,15.8,1.6272331396110444
72,BioNTech SE,88.91,94.12,85.27,89.91,88.91,94.12,85.27,89.91,3.1716874314862276
73,Birkenstock Holding plc,46.06,45.87,45.31,46.155,46.06,45.87,45.31,46.155,1.9402070603929125
74,"BJ's Wholesale Club Holdings, Inc.",77.98,77.81,77.13,78.66,77.98,77.81,77.13,78.66,1.4780750199268928
75,"Blackbaud, Inc.",70.81,71.06,70.69,71.99,70.81,71.06,70.69,71.99,1.5912646267253892
76,"BlackLine, Inc.",63.63,64.28,63.135,64.675,63.63,64.28,63.135,64.675,1.8238657020297446
77,"Block, Inc.",78.71,79.32,78.21,81.82,78.71,79.32,78.21,81.82,2.3334626963016074
78,Blueprint Medicines Corporation,87.12,87.97,84.81,89.53,87.12,87.97,84.81,89.53,2.7380514333370645
79,BOK Financial Corporation,86.32,86.5,86.02,89.38,86.32,86.5,86.02,89.38,2.1407842453958503
80,"Boot Barn Holdings, Inc.",84.91,85.04,84.92,87.44,84.91,85.04,84.92,87.44,2.683086772210042
81,"Boston Properties, Inc.",62.55,63.02,62.13,64.84,62.55,63.02,62.13,64.84,1.878190277797425
82,"Braze, Inc.",51.11,51.19,50.97,52.99,51.11,51.19,50.97,52.99,1.67192503586117
83,"BridgeBio Pharma, Inc.",28.56,28.43,27.81,28.95,28.56,28.43,27.81,28.95,1.4410396508077388
84,"Brighthouse Financial, Inc.",47.11,47.44,47.11,48.61,47.11,47.44,47.11,48.61,1.2532529717848706
85,"Brinker International, Inc.",46.68,46.74,46.495,47.682,46.68,46.74,46.495,47.682,1.3295929196323804
86,The Brink's Company,85.21,85.47,84.7501,86.2325,85.21,85.47,84.7501,86.2325,1.6068054605393058
87,BRP Inc.,60.82,61.42,60.82,63.659,60.82,61.42,60.82,63.659,2.0442994895231448
88,Bruker Corporation,92.17,92.0,91.5101,93.09,92.17,92.0,91.5101,93.09,1.9252824803489905
89,Brunswick Corporation,89.42,89.16,89.6,92.1,89.42,89.16,89.6,92.1,2.1233962530363595
90,Bunge Global SA,97.0,97.76,96.53,97.805,97.0,97.76,96.53,97.805,2.171982046398485
91,"C.H. Robinson Worldwide, Inc.",73.83,74.06,72.915,73.965,73.83,74.06,72.915,73.965,1.8308769119711847
92,"C3.ai, Inc.",28.3,28.29,27.815,28.88,28.3,28.29,27.815,28.88,2.142343837753115
93,Cabot Corporation,88.42,88.63,88.45,90.66,88.42,88.63,88.45,90.66,1.6539438412905976
94,"Caesars Entertainment, Inc.",40.26,40.3,40.2,41.81,40.26,40.3,40.2,41.81,1.6291106604775893
95,"Cal-Maine Foods, Inc.",60.92,60.72,60.38,61.88,60.92,60.72,60.38,61.88,1.253375794943449
96,CalAmp Corp.,2.7,2.9,2.68,2.7662,2.7,2.9,2.68,2.7662,1.822593611690838
97,California Resources Corporation,54.56,54.69,54.23,56.21,54.56,54.69,54.23,56.21,1.2532144605002515
98,"Calix, Inc.",33.8,34.21,33.845,34.365,33.8,34.21,33.845,34.365,1.422252941508538
99,Cambridge Bancorp,63.07,63.6,61.92,66.15,63.07,63.6,61.92,66.15,1.9018997567867841
100,Camden Property Trust,96.73,97.08,96.56,98.55,96.73,97.08,96.56,98.55,1.9612749430272205
101,Camtek Ltd.,78.29,77.87,77.6768,81.625,78.29,77.87,77.6768,81.625,2.2398348495423086
102,Canadian Natural Resources Limited,72.83,73.47,72.79,73.85,72.83,73.47,72.79,73.85,1.3160724828053114
103,Canadian Pacific Kansas City Limited,87.92,87.88,87.23,89.6,87.92,87.88,87.23,89.6,1.4105770351720044
104,"Cano Health, Inc.",0.29,0.26,0.25,0.29,0.29,0.26,0.25,0.29,6.226359788284236
105,"CareMax, Inc.",5.0,4.9,4.5918,5.92,5.0,4.9,4.5918,5.92,4.948751821819501
106,"CarMax, Inc.",82.82,80.85,81.63,83.7399,82.82,80.85,81.63,83.7399,2.159999545855013
107,Carpenter Technology Corporation,68.55,68.55,67.24,68.65,68.55,68.55,67.24,68.65,1.9771126016269625
108,"Carter's, Inc.",83.76,83.76,82.77,84.415,83.76,83.76,82.77,84.415,1.752918306326784
109,Carvana Co.,80.21,78.88,79.52,85.9992,80.21,78.88,79.52,85.9992,3.3052735724468008
110,"Casella Waste Systems, Inc.",97.23,97.22,96.61,98.17,97.23,97.22,96.61,98.17,1.7491702656500894
111,"Cassava Sciences, Inc.",21.83,21.99,21.43,22.36,21.83,21.99,21.43,22.36,1.2773122033582847
112,"Catalent, Inc.",55.92,55.95,55.82,56.09,55.92,55.95,55.82,56.09,1.663853694327735
113,"CAVA Group, Inc.",64.91,65.1,64.63,69.03,64.91,65.1,64.63,69.03,2.4306388475507967
114,Cazoo Group Ltd,2.32,2.13,2.3,3.8115,2.32,2.13,2.3,3.8115,9.09491112486647
115,"CBRE Group, Inc.",92.98,93.48,93.0136,95.905,92.98,93.48,93.0136,95.905,1.7667248993523037
116,"Celldex Therapeutics, Inc.",40.08,40.49,39.51,42.25,40.08,40.49,39.51,42.25,1.5947827878205674
117,"Celsius Holdings, Inc.",86.68,86.37,85.5,90.37,86.68,86.37,85.5,90.37,2.4189328280362217
118,Cenntro Inc.,1.38,1.4,1.32,1.45,1.38,1.4,1.32,1.45,1.881940737072187
119,Centene Corporation,78.2,78.7,77.395,78.96,78.2,78.7,77.395,78.96,1.4907312053936743
120,Centerspace,54.76,54.98,54.87,57.195,54.76,54.98,54.87,57.195,1.4024180405942561
121,Centrus Energy Corp.,39.74,39.07,38.93,41.55,39.74,39.07,38.93,41.55,2.139525666067252
122,"Century Communities, Inc.",88.46,88.46,87.84,90.53,88.46,88.46,87.84,90.53,2.00294616459227
123,"CF Industries Holdings, Inc.",86.1,86.29,85.33,87.035,86.1,86.29,85.33,87.035,2.083697373342383
124,"Cheniere Energy Partners, L.P.",49.32,49.2,49.0301,50.25,49.32,49.2,49.0301,50.25,1.3351272015526439
125,Chesapeake Energy Corporation,84.0,84.66,84.0,86.69,84.0,84.66,84.0,86.69,1.9054338042858985
126,"The Children's Place, Inc.",13.29,13.26,12.72,13.83,13.29,13.26,12.72,13.83,1.5878655505274595
127,"Cibus, Inc.",20.3729,19.86,19.26,20.805,20.3729,19.86,19.26,20.805,1.8063636033431343
128,Cimpress plc,89.37,89.85,89.002,91.9,89.37,89.85,89.002,91.9,2.54212624470707
129,"Cirrus Logic, Inc.",89.47,88.63,88.51,90.83,89.47,88.63,88.51,90.83,1.9991303093348567
130,"Civitas Resources, Inc.",73.37,73.82,73.3243,75.38,73.37,73.82,73.3243,75.38,1.9507357690704827
131,"Clearfield, Inc.",28.75,28.9,28.5,29.61,28.75,28.9,28.5,29.61,1.5017390722342632
132,"Cloudflare, Inc.",95.31,95.17,94.67,98.4176,95.31,95.17,94.67,98.4176,2.9951290537717314
133,"Coca-Cola FEMSA, S.A.B. de C.V.",96.38,96.63,96.33,98.53,96.38,96.63,96.33,98.53,1.749787885863313
134,"Cogent Communications Holdings, Inc.",61.76,61.94,61.58,63.01,61.76,61.94,61.58,63.01,1.6569272217087798
135,"Cohen & Steers, Inc.",70.83,70.77,70.87,73.32,70.83,70.77,70.87,73.32,1.4897925832567798
136,Coherent Corp.,58.0,58.0,57.59,60.79,58.0,58.0,57.59,60.79,1.7688142980040298
137,Columbia Sportswear Company,77.51,77.33,77.195,78.18,77.51,77.33,77.195,78.18,1.6059875035788154
138,Comerica Incorporated,49.5,49.87,49.4,52.005,49.5,49.87,49.4,52.005,1.7597355953553886
139,"Community Bank System, Inc.",44.06,44.27,44.04,46.44,44.06,44.27,44.04,46.44,1.392724154479457
140,"Commvault Systems, Inc.",97.5,97.42,97.46,99.56,97.5,97.42,97.46,99.56,1.4545061465779783
141,Concentrix Corporation,59.76,60.08,59.45,63.11,59.76,60.08,59.45,63.11,2.7057931901958545
142,"Confluent, Inc.",31.44,31.3,30.96,32.09,31.44,31.3,30.96,32.09,1.370205487187201
143,CONMED Corporation,75.7,76.21,75.47,76.29,75.7,76.21,75.47,76.29,2.977721283530504
144,"Consensus Cloud Solutions, Inc.",14.38,14.42,13.86,14.79,14.38,14.42,13.86,14.79,1.2697786399027104
145,CONSOL Energy Inc.,82.0,82.98,81.92,84.65,82.0,82.98,81.92,84.65,2.9836914032068043
146,"Consolidated Edison, Inc.",89.44,89.71,88.615,90.21,89.44,89.71,88.615,90.21,1.5033133548576572
147,"CoStar Group, Inc.",95.03,94.1,94.0901,96.88,95.03,94.1,94.0901,96.88,1.7530432237466806
148,"Covenant Logistics Group, Inc.",43.7,43.72,43.195,44.84,43.7,43.72,43.195,44.84,1.314949091857125
149,"Cracker Barrel Old Country Store, Inc.",65.59,65.42,65.0,68.295,65.59,65.42,65.0,68.295,2.460856810296014
150,"Crane NXT, Co.",60.16,60.46,59.85,60.54,60.16,60.46,59.85,60.54,1.2931618388548916
151,"Crinetics Pharmaceuticals, Inc.",44.23,45.18,42.7,46.76,44.23,45.18,42.7,46.76,1.301071035060958
152,CRISPR Therapeutics AG,71.51,71.96,70.7,74.202,71.51,71.96,70.7,74.202,3.044881345726284
153,"Crown Holdings, Inc.",76.81,77.26,76.72,77.7,76.81,77.26,76.72,77.7,1.8758151705450814
154,"Customers Bancorp, Inc.",50.44,50.75,50.8,54.11,50.44,50.75,50.8,54.11,1.6116206391526777
155,"CVR Partners, LP",75.0,74.25,73.07,79.95,75.0,74.25,73.07,79.95,2.108198950722435
156,CVS Health Corporation,77.74,78.06,77.625,78.97,77.74,78.06,77.625,78.97,1.3967585466555825
157,"Cytokinetics, Incorporated",66.81,67.59,65.64,67.9619,66.81,67.59,65.64,67.9619,2.37202338267692
158,Danaos Corporation,69.84,70.1,69.33,71.5393,69.84,70.1,69.33,71.5393,1.4998836036311092
159,Daqo New Energy Corp.,25.77,26.23,25.47,27.13,25.77,26.23,25.47,27.13,1.3649011393309582
160,Darling Ingredients Inc.,44.15,44.26,43.7401,45.945,44.15,44.26,43.7401,45.945,1.6638931756905415
161,"Dave & Buster's Entertainment, Inc.",62.61,62.79,62.02,63.99,62.61,62.79,62.02,63.99,1.461592738336254
162,Dayforce Inc,68.24,67.86,67.92,69.22,68.24,67.86,67.92,69.22,1.9474269580464116
163,"Delek Logistics Partners, LP",41.0,40.76,40.855,41.73,41.0,40.76,40.855,41.73,1.6372869465275728
164,The Descartes Systems Group Inc.,92.26,92.45,92.195,93.875,92.26,92.45,92.195,93.875,1.44778635379354
165,Digimarc Corporation,27.36,27.53,27.2,28.824,27.36,27.53,27.2,28.824,1.5666560749762615
166,Digital World Acquisition Corp.,38.25,36.42,38.09,44.86,38.25,36.42,38.09,44.86,1.4025455256224622
167,"DigitalOcean Holdings, Inc.",39.09,39.26,38.69,39.795,39.09,39.26,38.69,39.795,1.5051541988086323
168,"Dine Brands Global, Inc.",46.26,46.38,46.41,47.47,46.26,46.38,46.41,47.47,1.5706221863005196
169,Diodes Incorporated,64.6,64.64,64.1083,66.76,64.6,64.64,64.1083,66.76,2.3074772800852656
170,Direxion Daily MSCI Brazil Bull 2X Shares,84.98,84.46,84.62,88.415,84.98,84.46,84.62,88.415,2.3782980052100555
171,Direxion Daily 20+ Year Treasury Bull 3X Shares,52.2,51.92,50.845,53.39,52.2,51.92,50.845,53.39,1.8750993942278091
172,Direxion Daily CSI China Internet Bull 2X Shares,31.53,30.46,30.93,32.07,31.53,30.46,30.93,32.07,1.437815336266875
173,Direxion Daily Junior Gold Miners Index Bull 2X Shares,28.1,28.32,27.91,31.45,28.1,28.32,27.91,31.45,1.6042308283118336
174,Direxion Daily Nvda Bull 1.5X Shares,65.47,65.0,63.72,66.055,65.47,65.0,63.72,66.055,1.6766971672467803
175,Direxion Daily Real Estate Bear 3X Shares,37.84,37.18,36.3725,38.39,37.84,37.18,36.3725,38.39,2.118180838713951
176,Direxion Daily Regional Banks Bull 3X Shares,66.5,67.27,65.81,75.362,66.5,67.27,65.81,75.362,5.2282906928345
177,Direxion Daily S&P 500 High Beta Bear 3X Shares,25.25,25.25,23.43,25.32,25.25,25.25,23.43,25.32,1.830100072056104
178,Direxion Daily S&P 500 High Beta Bull 3X Shares,43.04,43.13,42.975,46.065,43.04,43.13,42.975,46.065,1.419726817155111
179,Direxion Daily Energy Bull 2X Shares,66.84,67.57,66.67,67.9,66.84,67.57,66.67,67.9,1.9067539719653044
180,Direxion Daily Gold Miners Index Bull 2X Shares,29.03,29.22,28.9,32.0963,29.03,29.22,28.9,32.0963,1.4719870735853562
181,Direxion Daily Mid Cap Bull 3X Shares,50.43,50.64,50.44,53.0796,50.43,50.64,50.44,53.0796,1.29218168567672
182,Direxion Daily Semiconductor Bull 3X Shares,41.59,41.42,40.6236,43.79,41.59,41.42,40.6236,43.79,1.5228339308510954
183,Direxion Daily Small Cap Bull 3X Shares,37.75,38.07,37.51,40.82,37.75,38.07,37.51,40.82,1.4841116989226637
184,Direxion Daily Technology Bull 3X Shares,79.6,79.33,78.76,82.1501,79.6,79.33,78.76,82.1501,2.1711019850880913
185,Direxion Daily S&P Oil & Gas Exp. & Prod. Bull 2X Shares,38.0,38.44,37.7,39.22,38.0,38.44,37.7,39.22,1.3764615150717274
186,"Disc Medicine, Inc.",67.75,67.64,63.82,67.8,67.75,67.64,63.82,67.8,2.789596896868921
187,Docebo Inc.,50.22,50.54,49.8243,51.89,50.22,50.54,49.8243,51.89,1.392413791460482
188,"DocuSign, Inc.",59.0,58.95,57.79,59.18,59.0,58.95,57.79,59.18,1.7482015587124429
189,"Dolby Laboratories, Inc.",83.8,83.65,83.32,84.34,83.8,83.65,83.32,84.34,1.2651913324246338
190,"Dorman Products, Inc.",90.66,90.65,90.66,93.96,90.66,90.65,90.66,93.96,2.2296835857888926
191,Duke Energy Corporation,95.0,95.14,94.575,95.72,95.0,95.14,94.575,95.72,1.4986673560283825
192,Eagle Bulk Shipping Inc.,61.04,61.55,59.79,62.5124,61.04,61.55,59.79,62.5124,1.3527675020529961
193,"East West Bancorp, Inc.",74.35,74.71,74.165,76.26,74.35,74.71,74.165,76.26,1.7540915263410752
194,Eastman Chemical Company,93.28,93.07,92.7975,94.35,93.28,93.07,92.7975,94.35,1.6673116891601283
195,Edison International,69.38,69.5,68.7944,69.925,69.38,69.5,68.7944,69.925,1.2513746833597534
196,Edwards Lifesciences Corporation,94.26,94.31,91.98,94.4,94.26,94.31,91.98,94.4,1.7501581817747576
197,"eFFECTOR Therapeutics, Inc.",12.5,12.27,12.05,12.76,12.5,12.27,12.05,12.76,1.6358854233511824
198,"Eiger BioPharmaceuticals, Inc.",5.13,4.81,5.13,7.1425,5.13,4.81,5.13,7.1425,1.9032786467329788
199,"Encore Capital Group, Inc.",45.03,45.26,45.03,46.8,45.03,45.26,45.03,46.8,1.4330829424349216
200,Endava plc,38.8,38.92,38.252,39.64,38.8,38.92,38.252,39.64,2.2954468255928857
201,EnerSys,89.9,89.9,89.65,92.34,89.9,89.9,89.65,92.34,2.076111577958324
202,"Enova International, Inc.",61.32,61.48,61.38,63.24,61.32,61.48,61.38,63.24,1.4075058948381145
203,Enovis Corporation,59.12,59.48,59.05,60.05,59.12,59.48,59.05,60.05,1.2677469668181045
204,"Envestnet, Inc.",54.51,54.38,54.49,56.81,54.51,54.38,54.49,56.81,1.4756521594383027
205,ePlus inc.,77.21,77.75,75.89,77.57,77.21,77.75,75.89,77.57,1.7800789331730176
206,Establishment Labs Holdings Inc.,50.4,50.34,49.69,51.17,50.4,50.34,49.69,51.17,2.397865634661889
207,T-Rex 2X Long Tesla Daily Target ETF,10.9,10.69,10.61,11.29,10.9,10.69,10.61,11.29,1.3499047324770972
208,T-Rex 2X Inverse Tesla Daily Target ETF,41.18,41.98,39.63,42.2,41.18,41.98,39.63,42.2,2.2361186519328964
209,"Etsy, Inc.",66.1,66.84,66.03,69.205,66.1,66.84,66.03,69.205,3.0389409423345635
210,Eversource Energy,58.69,58.8,58.44,59.66,58.69,58.8,58.44,59.66,1.3311209889854498
211,Exact Sciences Corporation,61.77,61.9,60.205,63.135,61.77,61.9,60.205,63.135,2.6134783326401543
212,"Exponent, Inc.",79.25,79.68,79.25,81.33,79.25,79.68,79.25,81.33,1.9425830276592784
213,Faraday Future Intelligent Electric Inc.,0.0941,0.0921,0.0861,0.095,0.0941,0.0921,0.0861,0.095,4.052821746957396
214,Federal Realty Investment Trust,99.1,99.67,99.1,101.365,99.1,99.67,99.1,101.365,1.769250812400685
215,Federal Signal Corporation,80.1,80.02,79.69,81.795,80.1,80.02,79.69,81.795,1.3426304813646213
216,"Fidelity National Information Services, Inc.",70.0,69.86,69.65,71.095,70.0,69.86,69.65,71.095,1.2797995102049264
217,First Trust Cloud Computing ETF,94.84,94.84,94.7799,96.47,94.84,94.84,94.7799,96.47,1.3163641224736753
218,"Five9, Inc.",61.07,61.39,59.59,61.97,61.07,61.39,59.59,61.97,2.7292620038229325
219,Fiverr International Ltd.,21.86,21.8,21.8,22.95,21.86,21.8,21.8,22.95,1.2816627744644409
220,"Fluence Energy, Inc.",14.45,14.42,14.27,15.17,14.45,14.42,14.27,15.17,1.3650833614288813
221,FMC Corporation,63.53,61.67,63.02,64.845,63.53,61.67,63.02,64.845,2.0921088998496775
222,"Fortinet, Inc.",67.79,67.79,67.02,68.06,67.79,67.79,67.02,68.06,1.6380950988285126
223,Fortrea Holdings Inc.,39.71,39.64,39.24,40.19,39.71,39.64,39.24,40.19,1.3101894880595961
224,"Fortune Brands Innovations, Inc.",80.39,80.26,79.86,81.775,80.39,80.26,79.86,81.775,1.4991651239025263
225,Forward Air Corporation,26.62,27.13,26.44,27.45,26.62,27.13,26.44,27.45,2.4798862846154712
226,Fox Factory Holding Corp.,47.84,47.82,46.77,48.67,47.84,47.82,46.77,48.67,2.8286785095457048
227,Freedom Holding Corp.,72.14,71.61,71.0736,72.797,72.14,71.61,71.0736,72.797,2.2883311377631292
228,H.B. Fuller Company,79.5,79.58,79.275,81.41,79.5,79.58,79.275,81.41,1.39375168606106
229,Futu Holdings Limited,56.05,56.53,56.05,58.04,56.05,56.53,56.05,58.04,2.1037975795685298
230,GE HealthCare Technologies Inc.,90.48,90.78,90.15,91.11,90.48,90.78,90.15,91.11,1.6567571582945035
231,Genesco Inc.,25.99,26.01,26.1075,27.43,25.99,26.01,26.1075,27.43,1.3040179298037575
232,"Genprex, Inc.",3.24,3.38,2.8,3.3388,3.24,3.38,2.8,3.3388,1.7333683570226035
233,Gentherm Incorporated,53.8,54.14,53.105,54.52,53.8,54.14,53.105,54.52,1.6867659432547433
234,"Gibraltar Industries, Inc.",77.3,77.26,76.52,79.06,77.3,77.26,76.52,79.06,1.7594843364897228
235,GigaCloud Technology Inc.,30.47,29.52,27.81,31.51,30.47,29.52,27.81,31.51,1.4663175249856617
236,"Gilead Sciences, Inc.",73.27,73.41,72.8,73.98,73.27,73.41,72.8,73.98,1.306914821260993
237,GitLab Inc.,55.41,55.58,54.9501,57.43,55.41,55.58,54.9501,57.43,2.2502935121929832
238,Glaukos Corporation,87.08,87.62,85.34,88.27,87.08,87.62,85.34,88.27,2.3953253276764404
239,Global-E Online Ltd.,35.75,35.62,35.31,37.44,35.75,35.62,35.31,37.44,1.6036825331430586
240,GLOBALFOUNDRIES Inc.,51.2,51.29,50.57,52.54,51.2,51.29,50.57,52.54,1.7607976822626021
241,"Globus Medical, Inc.",51.97,51.98,51.0,52.1604,51.97,51.98,51.0,52.1604,1.3055571752881248
242,GMS Inc.,95.03,95.03,95.125,96.49,95.03,95.03,95.125,96.49,1.6889286041259766
243,"Goosehead Insurance, Inc",74.84,75.13,73.8049,76.62,74.84,75.13,73.8049,76.62,2.3610163037739103
244,Graco Inc.,92.66,92.62,92.345,93.4,92.66,92.62,92.345,93.4,1.2869251493423706
245,GraniteShares 2x Long COIN Daily ETF,59.36,58.95,58.56,72.97,59.36,58.95,58.56,72.97,2.07005955113305
246,"Great Southern Bancorp, Inc.",51.32,51.25,51.1104,53.63,51.32,51.25,51.1104,53.63,1.4440063900417752
247,"Green Brick Partners, Inc.",56.55,56.55,56.14,58.195,56.55,56.55,56.14,58.195,1.6087898678249783
248,"Greif, Inc.",63.67,64.1,63.44,65.08,63.67,64.1,63.44,65.08,1.286904804290287
249,"Grupo Aeroportuario del Centro Norte, S.A.B. de C.V.",68.39,68.76,68.25,69.97,68.39,68.76,68.25,69.97,2.5332145085410467
250,"Guardant Health, Inc.",18.14,17.94,17.75,18.195,18.14,17.94,17.75,18.195,1.345853162190271
251,"GXO Logistics, Inc.",49.42,49.61,48.985,50.11,49.42,49.61,48.985,50.11,1.4121904675922696
252,"H&E Equipment Services, Inc.",59.76,59.63,59.16,61.0282,59.76,59.63,59.16,61.0282,1.4170165289015997
253,H World Group Limited,40.0,39.74,38.32,40.21,40.0,39.74,38.32,40.21,1.257261896890307
254,Haemonetics Corporation,77.01,77.51,76.57,80.43,77.01,77.51,76.57,80.43,2.0579761020720952
255,"Halozyme Therapeutics, Inc.",40.52,40.81,39.69,40.5821,40.52,40.81,39.69,40.5821,1.270286340562124
256,Hancock Whitney Corporation,41.79,42.04,41.7,44.0,41.79,42.04,41.7,44.0,1.30238095540849
257,"Harmony Biosciences Holdings, Inc.",32.46,32.33,32.205,33.99,32.46,32.33,32.205,33.99,1.3377302714756558
258,"Hasbro, Inc.",54.18,54.36,53.91,54.69,54.18,54.36,53.91,54.69,1.359206305609809
259,"Hawkins, Inc.",71.54,72.15,71.305,75.99,71.54,72.15,71.305,75.99,1.6395436847020708
260,"Haynes International, Inc.",59.88,59.95,59.82,60.02,59.88,59.95,59.82,60.02,1.2996031746031746
261,"HealthEquity, Inc.",82.59,83.53,79.77,84.49,82.59,83.53,79.77,84.49,2.067987911284916
262,"Helios Technologies, Inc.",43.53,43.92,43.18,44.395,43.53,43.92,43.18,44.395,1.4855751007322282
263,"Henry Schein, Inc.",74.73,74.38,74.14,74.905,74.73,74.38,74.14,74.905,1.4719641852000402
264,Hexcel Corporation,72.01,72.13,71.9,73.455,72.01,72.13,71.9,73.455,1.4500597090948197
265,HF Sinclair Corporation,59.36,59.66,58.945,61.51,59.36,59.66,58.945,61.51,1.4844642518058655
266,"Hibbett, Inc.",73.33,73.26,72.235,74.63,73.33,73.26,72.235,74.63,1.9991071943252807
267,"Hologic, Inc.",76.22,76.31,74.77,76.46,76.22,76.31,74.77,76.46,1.2560716356549944
268,Howard Hughes Holdings Inc.,71.03,71.18,70.8,72.15,71.03,71.18,70.8,72.15,1.6073013487316312
269,Huron Consulting Group Inc.,94.7,95.25,94.54,96.215,94.7,95.25,94.54,96.215,2.3347815861777654
270,"Hyster-Yale Materials Handling, Inc.",62.68,63.29,59.105,63.01,62.68,63.29,59.105,63.01,1.8899405948699468
271,IAC Inc.,51.46,51.59,51.38,53.21,51.46,51.59,51.38,53.21,1.407289777483259
272,"ICU Medical, Inc.",98.5,99.01,96.16,98.885,98.5,99.01,96.16,98.885,4.353829277886285
273,"IDACORP, Inc.",90.35,90.5,89.67,91.28,90.35,90.5,89.67,91.28,1.6338890923394098
274,Immunocore Holdings plc,62.0,61.61,60.6,63.51,62.0,61.61,60.6,63.51,2.4992383472503175
275,"Immunovant, Inc.",30.84,31.09,30.18,31.63,30.84,31.09,30.18,31.63,1.4200040234459772
276,Imperial Oil Limited,67.24,67.3,66.67,67.48,67.24,67.3,66.67,67.48,1.3370636531284879
277,"Inari Medical, Inc.",44.74,45.25,44.65,46.582,44.74,45.25,44.65,46.582,2.4251268477666947
278,Incyte Corporation,58.03,58.33,57.5,58.41,58.03,58.33,57.5,58.41,1.3469046638125466
279,Independent Bank Corp.,48.95,49.35,48.94,51.77,48.95,49.35,48.94,51.77,1.8988492602393743
280,Ingersoll Rand Inc.,91.68,91.56,91.38,93.71,91.68,91.56,91.38,93.71,1.2788133772592696
281,"Ingles Markets, Incorporated",74.15,74.23,73.84,75.515,74.15,74.23,73.84,75.515,1.5578772226969402
282,"Inhibrx, Inc.",34.97,34.99,34.89,35.2,34.97,34.99,34.89,35.2,1.4529127052852084
283,"Innovative Industrial Properties, Inc.",97.38,97.6,96.88,99.39,97.38,97.6,96.88,99.39,2.225754177759564
284,"Insperity, Inc.",99.67,99.57,99.305,101.69,99.67,99.57,99.305,101.69,2.499147142682757
285,"Intapp, Inc.",34.46,34.5,34.09,35.24,34.46,34.5,34.09,35.24,1.568349255455865
286,"Intellia Therapeutics, Inc.",27.6,27.63,27.1808,28.41,27.6,27.63,27.1808,28.41,1.687409416077629
287,International Flavors & Fragrances Inc.,83.48,83.05,83.025,84.305,83.48,83.05,83.025,84.305,1.8003569860306996
288,"International Seaways, Inc.",51.81,52.56,51.0801,52.7,51.81,52.56,51.0801,52.7,1.401051188272143
289,"Intra-Cellular Therapies, Inc.",65.5,65.45,64.95,67.41,65.5,65.45,64.95,67.41,2.0339563763330855
290,Invesco Solar ETF,42.59,43.05,42.5006,44.4001,42.59,43.05,42.5006,44.4001,1.5322201138450986
291,AXS 1.25X NVDA Bear Daily ETF,12.88,12.97,12.78,13.1715,12.88,12.97,12.78,13.1715,5.152474460147676
292,AXS 2X Innovation ETF,75.88,75.71,75.0821,81.135,75.88,75.71,75.0821,81.135,3.8864201288374645
293,AXS TSLA Bear Daily ETF,38.94,39.31,38.21,39.44,38.94,39.31,38.21,39.44,1.4000556431119404
294,"Ionis Pharmaceuticals, Inc.",41.99,42.16,41.6001,42.8,41.99,42.16,41.6001,42.8,1.3036108016967773
295,IPG Photonics Corporation,87.8,87.78,87.17,89.35,87.8,87.78,87.17,89.35,2.6671430194188677
296,iShares S&P Small-Cap 600 Value ETF,98.35,98.62,98.025,101.05,98.35,98.62,98.025,101.05,1.4987103295704676
297,iShares U.S. Real Estate ETF,87.55,88.25,87.34,89.015,87.55,88.25,87.34,89.015,1.2603373451838418
298,"Itron, Inc.",87.15,87.07,86.45,90.1,87.15,87.07,86.45,90.1,1.795198334587945
299,Jack in the Box Inc.,70.98,71.34,70.72,71.795,70.98,71.34,70.72,71.795,2.171210046798464
300,"JinkoSolar Holding Co., Ltd.",24.2,26.45,23.04,24.99,24.2,26.45,23.04,24.99,1.6434922218322754
301,Kaiser Aluminum Corporation,78.9,79.23,78.73,82.525,78.9,79.23,78.73,82.525,2.406210672287714
302,KB Home,68.22,68.23,67.62,70.28,68.22,68.23,67.62,70.28,1.324523895505875
303,"Keros Therapeutics, Inc.",64.03,64.2,63.29,67.0,64.03,64.2,63.29,67.0,2.256325509813097
304,Kforce Inc.,67.98,68.19,67.73,70.315,67.98,68.19,67.73,70.315,1.6229562153891912
305,Kirby Corporation,89.47,90.04,89.29,91.485,89.47,90.04,89.29,91.485,1.5216073838491289
306,KKR & Co. Inc.,95.91,95.76,95.4801,98.7,95.91,95.76,95.4801,98.7,1.5014280591692244
307,"Klaviyo, Inc.",26.2,26.01,25.78,26.79,26.2,26.01,25.78,26.79,1.7360720825195313
308,Knife River Corporation,76.03,76.36,76.135,78.24,76.03,76.36,76.135,78.24,1.747924478808839
309,Knight-Swift Transportation Holdings Inc.,52.11,52.08,51.975,53.57,52.11,52.08,51.975,53.57,1.3819245989360507
310,"Kontoor Brands, Inc.",58.5,58.33,57.94,58.76,58.5,58.33,57.94,58.76,1.3448054904029483
311,"Korro Bio, Inc.",64.755,64.15,63.094,65.0,64.755,64.15,63.094,65.0,3.4195675585005016
312,"Kulicke and Soffa Industries, Inc.",47.48,47.34,47.32,48.9,47.48,47.34,47.32,48.9,1.3661905470348539
313,"Kymera Therapeutics, Inc.",39.56,39.57,38.75,40.42,39.56,39.57,38.75,40.42,1.4358731148734925
314,Lakeland Financial Corporation,61.26,61.38,60.91,64.1,61.26,61.38,60.91,64.1,1.7935716235448442
315,"Lantheus Holdings, Inc.",58.02,58.44,57.7808,59.27,58.02,58.44,57.7808,59.27,2.7758026123046875
316,Lattice Semiconductor Corporation,76.98,76.87,75.855,78.5,76.98,76.87,75.855,78.5,2.885615242852105
317,Legend Biotech Corporation,62.52,62.82,59.91,62.78,62.52,62.82,59.91,62.78,2.513107284667
318,"LeMaitre Vascular, Inc.",67.14,67.07,65.705,67.37,67.14,67.07,65.705,67.37,1.6481944644261919
319,"LendingTree, Inc.",37.0,37.39,37.0,41.105,37.0,37.39,37.0,41.105,1.4418452656458296
320,Liberty Broadband Corporation,57.82,57.52,56.15,57.82,57.82,57.52,56.15,57.82,1.9694841324336947
321,Liberty Broadband Corporation,57.72,57.86,56.37,58.12,57.72,57.86,56.37,58.12,2.0990199134463357
322,Formula One Group,60.44,60.03,59.71,60.65,60.44,60.03,59.71,60.65,1.4824833188738142
323,Formula One Group,68.59,68.57,67.93,69.4,68.59,68.57,67.93,69.4,1.7593430564517067
324,Ligand Pharmaceuticals Incorporated,72.29,72.21,71.74,74.34,72.29,72.21,71.74,74.34,2.2853968029930476
325,"Limbach Holdings, Inc.",41.57,41.72,41.35,44.32,41.57,41.72,41.35,44.32,1.5627580332377602
326,LivaNova PLC,51.25,50.34,51.25,57.1208,51.25,50.34,51.25,57.1208,1.4834318009633867
327,Louisiana-Pacific Corporation,78.68,78.74,78.57,81.675,78.68,78.74,78.57,81.675,1.7602180147927904
328,Lumentum Holdings Inc.,46.54,46.52,46.445,49.3,46.54,46.52,46.445,49.3,1.6868690914577908
329,LyondellBasell Industries N.V.,99.2,99.83,99.0,102.49,99.2,99.83,99.0,102.49,1.7634916154165117
330,"MACOM Technology Solutions Holdings, Inc.",91.35,91.0,90.36,94.65,91.35,91.0,90.36,94.65,2.236944213746086
331,Madison Square Garden Entertainment Corp.,38.4,38.29,38.29,39.65,38.4,38.29,38.29,39.65,1.2740358173045343
332,"Malibu Boats, Inc.",39.5,39.56,39.45,41.1,39.5,39.56,39.45,41.1,1.5351628651694647
333,ManpowerGroup Inc.,72.62,72.84,72.54,74.71,72.62,72.84,72.54,74.71,1.5319842383975075
334,Maplebear Inc.,37.0,36.99,36.82,38.2718,37.0,36.99,36.82,38.2718,1.532636327067698
335,"Marathon Digital Holdings, Inc.",19.55,19.32,19.02,22.43,19.55,19.32,19.02,22.43,1.4328174818129766
336,Marriott Vacations Worldwide Corporation,97.22,97.84,97.285,102.09,97.22,97.84,97.285,102.09,2.721925099690755
337,"Marvell Technology, Inc.",65.03,65.06,64.55,66.05,65.03,65.06,64.55,66.05,1.9317063377017067
338,"MasTec, Inc.",85.78,85.95,85.595,87.545,85.78,85.95,85.595,87.545,2.7114282941061356
339,Matador Resources Company,67.08,67.31,66.75,68.18,67.08,67.31,66.75,68.18,1.7560315661960177
340,"Match Group, Inc.",35.62,35.71,34.95,36.055,35.62,35.71,34.95,36.055,1.2858373324076335
341,"Maximus, Inc.",83.74,83.7,83.03,84.32,83.74,83.7,83.03,84.32,1.542460426451668
342,"McCormick & Company, Incorporated",69.65,69.4,68.34,70.54,69.65,69.4,68.34,70.54,1.3599604652041482
343,"Medifast, Inc.",34.76,34.94,34.5,35.85,34.76,34.94,34.5,35.85,2.772539380996946
344,Medtronic plc,83.75,84.11,83.54,84.18,83.75,84.11,83.54,84.18,1.3319838387625558
345,"Merit Medical Systems, Inc.",72.91,73.1,72.335,73.29,72.91,73.1,72.335,73.29,1.654067281692747
346,Merus N.V.,44.65,45.01,44.57,45.61,44.65,45.01,44.57,45.61,1.4167737733750116
347,Meta Materials Inc.,1.95,1.91,1.92,2.0199,1.95,1.91,1.92,2.0199,1.5253170667186615
348,Metropolitan Bank Holding Corp.,36.18,36.18,35.86,39.09,36.18,36.18,35.86,39.09,2.1106785592578707
349,"MGE Energy, Inc.",73.63,74.05,73.63,75.665,73.63,74.05,73.63,75.665,1.4860914018419056
350,"MGP Ingredients, Inc.",83.46,83.56,83.05,84.3,83.46,83.56,83.05,84.3,2.772301477099222
351,Microchip Technology Incorporated,86.85,87.28,85.8039,88.58,86.85,87.28,85.8039,88.58,2.1251830146426247
352,"Micron Technology, Inc.",94.94,94.0,93.59,96.68,94.94,94.0,93.59,96.68,1.927658550323002
353,"MIND Technology, Inc.",5.37,5.28,5.135,5.37,5.37,5.28,5.135,5.37,3.2367261818477084
354,Minerals Technologies Inc.,72.34,72.64,72.3,74.86,72.34,72.64,72.3,74.86,1.3491269368973988
355,Mobileye Global Inc.,29.89,28.37,28.77,30.55,29.89,28.37,28.77,30.55,1.5950793084644137
356,Modine Manufacturing Company,94.04,94.13,93.3556,99.19,94.04,94.13,93.3556,99.19,1.9439857346670966
357,ModivCare Inc.,28.98,29.06,28.23,29.8,28.98,29.06,28.23,29.8,2.6334127395872082
358,Moelis & Company,54.72,55.05,54.4,56.23,54.72,55.05,54.4,56.23,1.3135118635873946
359,"Monarch Casino & Resort, Inc.",69.665,70.76,69.665,71.95,69.665,70.76,69.665,71.95,1.3982737707713295
360,"Montrose Environmental Group, Inc.",37.82,38.21,37.57,39.475,37.82,38.21,37.57,39.475,1.4724523150731645
361,MoonLake Immunotherapeutics,50.82,50.59,48.41,50.82,50.82,50.59,48.41,50.82,2.9092778251284646
362,Morgan Stanley,88.05,88.42,87.9107,91.482,88.05,88.42,87.9107,91.482,1.6256400819808716
363,"Morphic Holding, Inc.",33.92,33.9,33.34,34.74,33.92,33.9,33.34,34.74,2.152714214627705
364,Mr. Cooper Group Inc.,73.97,74.26,73.87,77.0,73.97,74.26,73.87,77.0,1.3252382429819258
365,"MSC Industrial Direct Co., Inc.",96.63,96.81,96.2,98.335,96.63,96.81,96.2,98.335,1.613234141516307
366,"Mullen Automotive, Inc.",4.63,4.65,4.45,4.8399,4.63,4.65,4.45,4.8399,56.48468213989621
367,"MyMD Pharmaceuticals, Inc.",2.92,2.88,2.8401,2.94,2.92,2.88,2.8401,2.94,2.691912402236272
368,Nabors Industries Ltd.,89.3,90.55,86.855,90.235,89.3,90.55,86.855,90.235,4.5146824064708895
369,"Natera, Inc.",91.18,91.26,90.3001,93.46,91.18,91.26,90.3001,93.46,2.1686940420241583
370,National HealthCare Corporation,92.31,92.74,91.51,94.09,92.31,92.74,91.51,94.09,1.5118252587696863
371,Natural Resource Partners L.P.,87.78,87.05,86.1501,89.45,87.78,87.05,86.1501,89.45,2.4882936326284257
372,"Nelnet, Inc.",88.53,88.93,88.53,90.73,88.53,88.93,88.53,90.73,1.4328170958019437
373,New Oriental Education & Technology Group Inc.,93.0,92.52,92.5,95.23,93.0,92.52,92.5,95.23,2.1613887907966736
374,"NextEra Energy, Inc.",61.45,61.27,61.36,62.4099,61.45,61.27,61.36,62.4099,1.4002771377563477
375,"NextEra Energy Partners, LP",27.17,27.26,26.9,27.535,27.17,27.26,26.9,27.535,1.4744125623551625
376,Nextracker Inc.,57.09,57.52,56.13,57.985,57.09,57.52,56.13,57.985,2.069615197560144
377,"NIKE, Inc.",99.45,99.96,99.03,100.44,99.45,99.96,99.03,100.44,1.9829362233479817
378,Noble Corporation plc,47.63,48.28,47.41,48.42,47.63,48.28,47.41,48.42,1.3716863904680525
379,Northern Trust Corporation,81.89,82.24,81.7274,84.13,81.89,82.24,81.7274,84.13,1.7335814218672496
380,NovoCure Limited,13.4,13.54,13.26,13.85,13.4,13.54,13.26,13.85,1.5580993114955841
381,Nutrien Ltd.,52.97,53.07,52.7,53.9099,52.97,53.07,52.7,53.9099,1.521225823296441
382,"Nuvalent, Inc.",77.64,78.08,75.53,79.79,77.64,78.08,75.53,79.79,2.662238143739246
383,Nuvve Holding Corp.,0.79,0.792,0.77,0.83,0.79,0.792,0.77,0.83,1.6282023163068862
384,Oddity Tech Ltd.,43.87,44.08,42.93,44.5,43.87,44.08,42.93,44.5,2.5538648493149703
385,Olin Corporation,56.0,55.96,55.5,57.47,56.0,55.96,55.5,57.47,1.3636906033470517
386,"Ollie's Bargain Outlet Holdings, Inc.",74.64,75.35,73.595,78.0,74.64,75.35,73.595,78.0,2.19171446845645
387,"Olympic Steel, Inc.",67.5,67.47,66.6,68.735,67.5,67.47,66.6,68.735,1.9414088082691978
388,"Omnicell, Inc.",27.7,27.64,26.89,27.99,27.7,27.64,26.89,27.99,1.744206428527832
389,Omnicom Group Inc.,93.33,93.35,92.9,94.29,93.33,93.35,92.9,94.29,1.5939285944378565
390,On Holding AG,34.1,34.23,33.68,35.12,34.1,34.23,33.68,35.12,1.2739760837857685
391,ON Semiconductor Corporation,73.64,74.04,73.085,76.05,73.64,74.04,73.085,76.05,2.7416863819909474
392,"ONE Gas, Inc.",62.01,62.23,61.75,63.37,62.01,62.23,61.75,63.37,1.457738376799084
393,"Ormat Technologies, Inc.",64.6,64.55,64.46,66.33,64.6,64.55,64.46,66.33,1.6458333333333335
394,OrthoPediatrics Corp.,26.42,26.61,26.175,27.77,26.42,26.61,26.175,27.77,1.41515470686413
395,Otis Worldwide Corporation,98.69,98.84,98.275,99.4385,98.69,98.84,98.275,99.4385,1.302418451460581
396,Otter Tail Corporation,80.35,80.35,80.0806,81.96,80.35,80.35,80.0806,81.96,1.8249584076896546
397,Pagaya Technologies Ltd.,9.21,9.12,9.21,10.8,9.21,9.12,9.21,10.8,1.5343015421004522
398,"Palomar Holdings, Inc.",83.02,83.69,81.887,83.85,83.02,83.69,81.887,83.85,1.8765990999009876
399,Pampa Energía S.A.,42.0,41.91,41.92,44.0,42.0,41.91,41.92,44.0,1.8151586017911396
400,"Papa John's International, Inc.",71.59,71.89,70.92,72.23,71.59,71.89,70.92,72.23,2.134404636564709
401,PAR Technology Corporation,40.72,40.9,40.75,43.455,40.72,40.9,40.75,43.455,1.4608133709619917
402,"Pathward Financial, Inc.",48.0,48.13,48.0,49.75,48.0,48.13,48.0,49.75,1.3454761505126953
403,"PayPal Holdings, Inc.",63.58,63.01,63.115,65.36,63.58,63.01,63.115,65.36,1.7192460922967818
404,PBF Energy Inc.,55.76,56.25,55.04,57.86,55.76,56.25,55.04,57.86,1.6920636570642866
405,"PC Connection, Inc.",64.54,64.53,63.29,65.28,64.54,64.53,63.29,65.28,1.3401190439860025
406,Peakstone Realty Trust,14.9,15.01,14.76,15.89,14.9,15.01,14.76,15.89,1.8546212663041786
407,Pegasystems Inc.,64.3,64.28,63.73,64.91,64.3,64.28,63.73,64.91,1.4742858674791124
408,"PennyMac Financial Services, Inc.",86.98,87.13,86.7201,89.655,86.98,87.13,86.7201,89.655,1.8591863087245395
409,Pentair plc,81.72,81.77,81.62,82.515,81.72,81.77,81.62,82.515,1.312440312097943
410,Peraso Inc.,1.38,1.38,1.35,1.43,1.38,1.38,1.35,1.43,1.8705158640467932
411,"Perficient, Inc.",60.27,60.27,59.72,61.67,60.27,60.27,59.72,61.67,1.953849096146841
412,Philip Morris International Inc.,93.44,93.68,93.03,93.945,93.44,93.68,93.03,93.945,1.3323612818642268
413,"Phunware, Inc.",10.01,10.02,9.925,11.2084,10.01,10.02,9.925,11.2084,1.5610016404636324
414,Piedmont Lithium Inc.,11.79,11.83,11.66,12.745,11.79,11.83,11.66,12.745,1.8490951931665816
415,"Pinnacle Financial Partners, Inc.",79.72,80.09,79.525,83.27,79.72,80.09,79.525,83.27,2.224940405951606
416,Pinnacle West Capital Corporation,72.39,72.5,72.17,73.34,72.39,72.5,72.17,73.34,1.3942854745047435
417,PJT Partners Inc.,96.41,96.85,94.03,96.525,96.41,96.85,94.03,96.525,1.8497497921898252
418,"Planet Fitness, Inc.",55.99,56.46,54.35,57.04,55.99,56.46,54.35,57.04,1.70805177234468
419,Plexus Corp.,90.5,91.05,90.2396,92.27,90.5,91.05,90.2396,92.27,2.175795388600183
420,Polaris Inc.,91.1,90.76,90.61,92.76,91.1,90.76,90.61,92.76,2.618650345575242
421,"Popular, Inc.",82.12,82.56,82.1,85.835,82.12,82.56,82.1,85.835,1.7874401031978548
422,"Power Integrations, Inc.",69.43,69.11,68.9,71.08,69.43,69.11,68.9,71.08,2.2003968556722002
423,"Praxis Precision Medicines, Inc.",53.31,53.75,52.07,56.06,53.31,53.75,52.07,56.06,2.0996586178976395
424,"Precision BioSciences, Inc.",12.0,12.0,11.79,12.395,12.0,12.0,11.79,12.395,1.2707539702218678
425,Precision Drilling Corporation,66.04,66.03,65.26,67.22,66.04,66.03,65.26,67.22,1.9076191281515453
426,Prestige Consumer Healthcare Inc.,73.45,73.56,72.73,73.89,73.45,73.56,72.73,73.89,1.2659918164450024
427,"PriceSmart, Inc.",80.43,80.69,80.667,81.8634,80.43,80.69,80.667,81.8634,1.5104219194442505
428,"Principal Financial Group, Inc.",82.79,82.98,82.58,84.01,82.79,82.98,82.58,84.01,1.4580953083341084
429,PROCEPT BioRobotics Corporation,50.11,50.06,48.45,50.38,50.11,50.06,48.45,50.38,1.848531791142055
430,"Procore Technologies, Inc.",79.5,79.39,79.09,81.22,79.5,79.39,79.09,81.22,2.2380556379045755
431,ProShares Ether Strategy ETF,75.89,75.56,71.105,77.0823,75.89,75.56,71.105,77.0823,1.7199769424179854
432,ProShares Ultra Bloomberg Natural Gas,14.31,14.86,14.245,14.635,14.31,14.86,14.245,14.635,3.3265078938196577
433,ProShares Ultra Semiconductors,94.23,93.51,92.21,96.3475,94.23,93.51,92.21,96.3475,2.1264585464719743
434,ProShares Ultra QQQ,86.03,85.5646,85.36,87.72,86.03,85.5646,85.36,87.72,1.6092855968172588
435,ProShares UltraPro Short 20+ Year Treasury,72.7719,73.0666,72.06,73.5699,72.7719,73.0666,72.06,73.5699,2.254285388522678
436,ProShares UltraPro Short Russell2000,29.1,28.8362,26.77,29.28,29.1,28.8362,26.77,29.28,1.937936366550506
437,ProShares UltraPro Russell2000,44.46,44.83,44.17,48.05,44.46,44.83,44.17,48.05,1.7441269178239125
438,ProShares UltraPro QQQ,60.07,59.5849,59.37,61.83,60.07,59.5849,59.37,61.83,1.5342855377802773
439,ProShares UltraPro Dow30,80.76,81.2886,80.61,83.92,80.76,81.2886,80.61,83.92,1.5451190887935577
440,"Prosperity Bancshares, Inc.",60.76,60.75,60.585,62.705,60.76,60.75,60.585,62.705,1.4705555628216456
441,Prothena Corporation plc,24.9,25.09,24.47,25.86,24.9,25.09,24.47,25.86,2.449452218555269
442,"PTC Therapeutics, Inc.",30.66,30.43,29.0,30.67,30.66,30.43,29.0,30.67,1.5382182181827606
443,QuidelOrtho Corporation,48.38,48.38,46.73,48.5,48.38,48.38,46.73,48.5,2.137301626659575
444,Rambus Inc.,58.94,58.84,58.275,60.68,58.94,58.84,58.275,60.68,2.262916701180594
445,"Rapid7, Inc.",51.01,50.9,50.59,51.99,51.01,50.9,50.59,51.99,1.844047637212844
446,"RB Global, Inc.",76.21,76.12,75.9816,76.85,76.21,76.12,75.9816,76.85,1.3332474420941065
447,"RCI Hospitality Holdings, Inc.",54.02,53.98,53.9385,55.67,54.02,53.98,53.9385,55.67,1.6762361072358631
448,"Red Rock Resorts, Inc.",54.8,55.14,54.8,56.68,54.8,55.14,54.8,56.68,1.2541230822366383
449,Restaurant Brands International Inc.,80.5,80.32,79.94,81.03,80.5,80.32,79.94,81.03,1.272230102902367
450,"Revolution Medicines, Inc.",30.67,30.8,30.28,31.265,30.67,30.8,30.28,31.265,1.2637697363656666
451,"Rhythm Pharmaceuticals, Inc.",38.83,39.12,37.67,39.76,38.83,39.12,37.67,39.76,1.5624920300074985
452,"Riley Exploration Permian, Inc.",30.46,30.75,29.95,30.95,30.46,30.75,29.95,30.95,1.4571429207211448
453,"RingCentral, Inc.",35.46,35.44,34.9,36.16,35.46,35.44,34.9,36.16,1.319523743220738
454,Robert Half Inc.,78.54,78.58,78.61,80.19,78.54,78.58,78.61,80.19,1.5928570580860926
455,Roblox Corporation,36.42,36.46,36.31,37.86,36.42,36.46,36.31,37.86,1.4922858344184027
456,"Roku, Inc.",64.18,64.54,63.4557,65.56,64.18,64.54,63.4557,65.56,3.521326685708667
457,RTX Corporation,95.0,94.86,94.37,95.515,95.0,94.86,94.37,95.515,1.4124010176885697
458,"RxSight, Inc.",48.9,49.0,47.26,48.965,48.9,49.0,47.26,48.965,1.419666634665595
459,"Safety Insurance Group, Inc.",79.8,80.22,79.79,81.38,79.8,80.22,79.79,81.38,1.4650400555323042
460,"Sage Therapeutics, Inc.",19.09,19.28,18.87,19.735,19.09,19.28,18.87,19.735,1.3422697990659684
461,Samsara Inc.,36.28,36.8,35.31,36.48,36.28,36.8,35.31,36.48,1.3389920885600741
462,Sanmina Corporation,58.93,59.23,58.92,60.49,58.93,59.23,58.92,60.49,1.3514285314650762
463,Schlumberger Limited,54.12,54.48,53.92,54.565,54.12,54.48,53.92,54.565,1.2687103029281372
464,"Schrödinger, Inc.",26.05,26.04,25.31,26.7,26.05,26.04,25.31,26.7,1.8162976446605863
465,The Charles Schwab Corporation,68.37,68.35,68.07,69.78,68.37,68.35,68.07,69.78,1.4576190615457203
466,Scorpio Tankers Inc.,72.01,72.55,70.78,72.28,72.01,72.55,70.78,72.28,1.781666740538582
467,The Scotts Miracle-Gro Company,68.29,68.06,67.93,70.415,68.29,68.06,67.93,70.415,2.2807342135716997
468,Sea Limited,55.99,55.99,55.05,56.425,55.99,55.99,55.05,56.425,2.1038770524282304
469,Seadrill Limited,50.08,49.98,49.04,50.5,50.08,49.98,49.04,50.5,1.3080675488426572
470,Seagate Technology Holdings plc,86.12,85.87,85.445,87.86,86.12,85.87,85.445,87.86,1.814543920849997
471,"Seelos Therapeutics, Inc.",0.62,0.65,0.512,0.65,0.62,0.65,0.512,0.65,1.5641586849140743
472,Energy Select Sector SPDR Fund,91.65,92.18,91.51,92.375,91.65,92.18,91.51,92.375,1.4270040421258836
473,Sempra,70.38,70.47,69.53,71.05,70.38,70.47,69.53,71.05,1.2619246831015936
474,Sensient Technologies Corporation,68.25,68.23,68.15,70.08,68.25,68.23,68.15,70.08,1.3736506416684104
475,"ServisFirst Bancshares, Inc.",60.69,60.73,60.32,64.275,60.69,60.73,60.32,64.275,1.8818530733623202
476,"SharkNinja, Inc.",58.67,59.15,58.3,59.905,58.67,59.15,58.3,59.905,2.0041544172498913
477,"Shift4 Payments, Inc.",72.22,71.94,70.57,72.562,72.22,71.94,70.57,72.562,2.671607108343215
478,Shopify Inc.,77.53,77.53,77.285,81.62,77.53,77.53,77.285,81.62,2.3784800181313166
479,"Shutterstock, Inc.",46.17,46.14,45.84,47.79,46.17,46.14,45.84,47.79,1.7976586629473972
480,Sigma Lithium Corporation,12.6,12.55,12.23,12.96,12.6,12.55,12.23,12.96,1.6835595577482194
481,Silicon Motion Technology Corporation,74.9,74.49,74.0965,76.25,74.9,74.49,74.0965,76.25,1.8444584286402144
482,Simplify Interest Rate Hedge ETF,47.59,47.88,47.12,48.46,47.59,47.88,47.12,48.46,1.6821507650708396
483,"Simulations Plus, Inc.",43.04,43.25,42.725,43.91,43.04,43.25,42.725,43.91,1.37621033380902
484,SiTime Corporation,85.6,85.55,84.83,89.045,85.6,85.55,84.83,89.045,4.93065431382921
485,"Skechers U.S.A., Inc.",60.52,60.54,60.0801,61.02,60.52,60.54,60.0801,61.02,1.2598409955463712
486,Skillsoft Corp.,8.11,8.08,7.9925,9.6266,8.11,8.08,7.9925,9.6266,1.5836115280787149
487,Skyline Champion Corporation,82.4,82.33,81.9001,85.205,82.4,82.33,81.9001,85.205,2.1236304934062655
488,"SkyWest, Inc.",65.24,65.24,64.735,67.4,65.24,65.24,64.735,67.4,1.3592658951168968
489,SL Green Realty Corp.,51.25,51.58,50.89,53.11,51.25,51.58,50.89,53.11,1.6879761938064817
490,Smartsheet Inc.,38.5,38.59,38.27,38.994,38.5,38.59,38.27,38.994,1.490753930712503
491,A. O. Smith Corporation,86.93,86.78,86.4201,87.72,86.93,86.78,86.4201,87.72,1.359959950522771
492,Sociedad Química y Minera de Chile S.A.,47.83,48.07,47.8,51.23,47.83,48.07,47.8,51.23,2.1165873361012295
493,"SolarEdge Technologies, Inc.",61.87,62.25,61.3,65.88,61.87,62.25,61.3,65.88,7.472789431375171
494,"Soleno Therapeutics, Inc.",43.4,43.67,43.05,44.25,43.4,43.67,43.05,44.25,1.3115118940671286
495,"Sonic Automotive, Inc.",52.41,52.45,52.19,54.35,52.41,52.45,52.19,54.35,1.736865104190887
496,Southern Copper Corporation,99.48,99.8,98.71,103.7499,99.48,99.8,98.71,103.7499,1.8018253568619018
497,SouthState Corporation,79.25,79.56,79.075,82.9,79.25,79.56,79.075,82.9,2.0364484786987305
498,SPDR Dow Jones REIT ETF,91.33,92.06,91.0,92.88,91.33,92.06,91.0,92.88,1.3221429189046225
499,SPDR S&P Health Care Equipment ETF,84.54,84.63,83.83,85.45,84.54,84.63,83.83,85.45,1.265158668396965
500,SPDR S&P Oil & Gas Equipment & Services ETF,90.45,91.43,90.13,92.15,90.45,91.43,90.13,92.15,2.039285387311663
501,SPDR S&P Biotech ETF,93.5,93.85,92.52,95.595,93.5,93.85,92.52,95.595,1.9625198273431685
502,"Spectrum Brands Holdings, Inc.",85.42,85.8,84.63,85.785,85.42,85.8,84.63,85.785,1.5668053551325722
503,Sphere Entertainment Co.,46.94,47.08,45.95,47.4,46.94,47.08,45.95,47.4,1.6489712851388114
504,"SpringWorks Therapeutics, Inc.",48.13,48.69,47.51,50.31,48.13,48.69,47.51,50.31,1.7955317875695607
505,North Shore Global Uranium Mining ETF,47.87,47.66,47.46,50.02,47.87,47.66,47.46,50.02,1.2649167151678178
506,"Sprout Social, Inc.",55.44,55.61,55.11,57.76,55.44,55.61,55.11,57.76,2.4220120263478115
507,"Spyre Therapeutics, Inc.",38.29,38.39,37.41,40.33,38.29,38.39,37.41,40.33,1.5904326268604825
508,STAAR Surgical Company,38.46,38.57,38.01,40.0975,38.46,38.57,38.01,40.0975,1.8678869595603338
509,"Stanley Black & Decker, Inc.",90.99,90.66,90.86,92.98,90.99,90.66,90.86,92.98,2.246388965182834
510,Starbucks Corporation,91.79,91.59,91.515,92.625,91.79,91.59,91.515,92.625,1.5686114174979073
511,State Street Corporation,72.54,72.62,72.13,74.02,72.54,72.62,72.13,74.02,1.5146427457294767
512,Stepan Company,86.75,86.81,86.79,89.69,86.75,86.81,86.79,89.69,2.168413041129945
513,Stevanato Group S.p.A.,29.07,29.17,27.6,29.22,29.07,29.17,27.6,29.22,1.4547776797461132
514,"Stock Yards Bancorp, Inc.",43.62,43.85,43.35,46.55,43.62,43.85,43.35,46.55,1.408968304830884
515,StoneX Group Inc.,67.6,67.57,67.28,68.84,67.6,67.57,67.28,68.84,1.5757538174826
516,Structure Therapeutics Inc.,36.25,36.48,36.0,39.0,36.25,36.48,36.0,39.0,2.875924617525131
517,"Surgery Partners, Inc.",27.7,27.7,27.24,28.505,27.7,27.7,27.24,28.505,1.2693927552964952
518,Sylvamo Corporation,58.36,58.78,58.36,60.61,58.36,58.78,58.36,60.61,1.3472816376459031
519,Symbotic Inc.,44.65,44.82,44.24,47.5899,44.65,44.82,44.24,47.5899,3.1529361406962075
520,Synaptics Incorporated,97.54,97.5,95.63,99.15,97.54,97.5,95.63,99.15,3.129444061763703
521,T-Rex 2X Long NVIDIA Daily Target ETF,99.89,99.12,96.72,101.4222,99.89,99.12,96.72,101.4222,3.340258770897275
522,"T2 Biosystems, Inc.",3.92,3.49,2.99,3.95,3.92,3.49,2.99,3.95,2.6375040061890136
523,"Tandem Diabetes Care, Inc.",31.29,30.8,30.91,32.89,31.29,30.8,30.91,32.89,1.551190493598817
524,Tecnoglass Inc.,47.49,47.55,47.49,51.02,47.49,47.55,47.49,51.02,1.5932937803722562
525,Teekay Tankers Ltd.,55.51,55.9,54.17,57.09,55.51,55.9,54.17,57.09,1.7105159759521484
526,"Tenable Holdings, Inc.",48.49,48.1,48.04,49.33,48.49,48.1,48.04,49.33,1.3205160262092712
527,Terex Corporation,59.39,59.66,58.71,60.47,59.39,59.66,58.71,60.47,1.6811904907226562
528,"Texas Capital Bancshares, Inc.",59.39,59.78,59.08,60.895,59.39,59.78,59.08,60.895,1.780416655162024
529,Textron Inc.,94.2,94.14,93.66,95.51,94.2,94.14,93.66,95.51,1.2614683423723494
530,"The Beachbody Company, Inc.",8.37,8.27,8.41,9.06,8.37,8.27,8.41,9.06,1.678535745257423
531,The ODP Corporation,50.1,50.32,50.03,51.459,50.1,50.32,50.03,51.459,1.2770596156044611
532,"The Trade Desk, Inc.",80.565,79.76,80.5442,84.48,80.565,79.76,80.5442,84.48,2.4689714189559693
533,Tidewater Inc.,88.54,90.1,87.51,89.74,88.54,90.1,87.51,89.74,2.4468253302195717
534,The Timken Company,84.77,84.95,84.45,86.85,84.77,84.95,84.45,86.85,1.7874208177839006
535,"TKO Group Holdings, Inc.",81.15,81.02,80.885,87.5,81.15,81.02,80.885,87.5,2.5566072918119884
536,The Toro Company,89.85,89.86,88.41,90.265,89.85,89.86,88.41,90.265,1.9458929394918776
537,"Tourmaline Bio, Inc.",42.3,40.33,41.922,45.55,42.3,40.33,41.922,45.55,1.9064840892004589
538,"TransMedics Group, Inc.",73.97,73.58,72.8101,75.64,73.97,73.58,72.8101,75.64,3.4555234909057617
539,TransUnion,78.03,77.93,77.65,79.97,78.03,77.93,77.65,79.97,1.797583398364839
540,"Trex Company, Inc.",96.36,96.09,96.09,98.685,96.36,96.09,96.09,98.685,2.0082741540575784
541,"Triumph Financial, Inc.",75.5,75.75,75.41,78.3,75.5,75.75,75.41,78.3,2.03828189486549
542,"Trupanion, Inc.",24.77,24.72,24.77,26.8299,24.77,24.72,24.77,26.8299,1.9490710515824574
543,Tucows Inc.,17.98,18.02,17.68,18.51,17.98,18.02,17.68,18.51,1.4042857223086886
544,Twilio Inc.,61.35,61.59,61.1,62.255,61.35,61.59,61.1,62.255,2.199162589179145
545,Twist Bioscience Corporation,33.46,33.81,33.26,35.76,33.46,33.81,33.26,35.76,1.501230209592789
546,U-Haul Holding Company,65.7,65.64,65.2833,67.099,65.7,65.64,65.2833,67.099,1.3662129659501334
547,"Uber Technologies, Inc.",77.09,77.08,76.75,78.95,77.09,77.08,76.75,78.95,1.4493611956399586
548,Ultragenyx Pharmaceutical Inc.,46.94,47.0,46.35,47.255,46.94,47.0,46.35,47.255,1.7743016046191018
549,UMB Financial Corporation,79.2,79.48,78.42,81.915,79.2,79.48,78.42,81.915,2.1214085533505393
550,"United Airlines Holdings, Inc.",43.63,43.91,43.41,45.99,43.63,43.91,43.41,45.99,1.2555952374897306
551,United Parks & Resorts Inc.,53.12,53.06,53.04,54.625,53.12,53.06,53.04,54.625,1.5821627510918512
552,United States Cellular Corporation,35.22,35.17,34.97,36.4925,35.22,35.17,34.97,36.4925,1.3212003670041523
553,"United States Gasoline Fund, LP",70.65,71.76,70.45,71.1,70.65,71.76,70.45,71.1,1.3065874463035947
554,"United States Oil Fund, LP",77.2,78.43,76.62,77.52,77.2,78.43,76.62,77.52,1.4197616425771562
555,Unity Software Inc.,25.98,26.0,25.62,27.255,25.98,26.0,25.62,27.255,1.6884127193027072
556,"Upstart Holdings, Inc.",24.25,24.18,23.97,26.67,24.25,24.18,23.97,26.67,2.553936651774815
557,"USANA Health Sciences, Inc.",48.33,48.14,47.73,49.17,48.33,48.14,47.73,49.17,1.2896429697672525
558,"V2X, Inc.",43.59,43.6,42.76,43.785,43.59,43.6,42.76,43.785,1.2501666356646826
559,"Vaccinex, Inc.",8.06,8.28,8.02,8.35,8.06,8.28,8.02,8.35,3.508293579495142
560,Valaris Limited,72.77,73.19,71.89,74.375,72.77,73.19,71.89,74.375,2.22552353995187
561,VanEck Low Carbon Energy ETF,97.1,97.0481,97.382,98.665,97.1,97.0481,97.382,98.665,1.2764402419801741
562,VanEck Rare Earth/Strategic Metals ETF,51.04,50.81,50.9601,52.9175,51.04,50.81,50.9601,52.9175,1.333085120670379
563,"Vaxcyte, Inc.",67.5,67.6,67.02,69.32,67.5,67.6,67.02,69.32,2.148317821442135
564,"Ventyx Biosciences, Inc.",7.9499,7.9,7.31,7.9499,7.9499,7.9,7.31,7.9499,1.2677933701447077
565,"Vera Therapeutics, Inc.",42.65,43.42,41.83,46.3,42.65,43.42,41.83,46.3,1.2659086897259666
566,Veralto Corporation,87.38,87.44,87.2975,88.62,87.38,87.44,87.2975,88.62,2.0179784051303207
567,Vericel Corporation,45.27,45.63,44.445,46.0,45.27,45.63,44.445,46.0,1.412480157519144
568,Vertiv Holdings Co,77.7,77.06,75.43,78.62,77.7,77.06,75.43,78.62,1.5543412935166132
569,"Viasat, Inc.",16.18,16.2,16.17,17.98,16.18,16.2,16.17,17.98,1.3062300795600528
570,Vicor Corporation,35.65,35.51,35.51,37.585,35.65,35.51,35.51,37.585,2.007162760174464
571,"Viking Therapeutics, Inc.",65.49,65.18,63.65,71.15,65.49,65.18,63.65,71.15,1.7649286285279289
572,VinFast Auto Ltd.,4.78,4.73,4.6812,4.885,4.78,4.73,4.6812,4.885,2.0852750257441874
573,"Vital Energy, Inc.",51.42,51.64,50.77,51.5,51.42,51.64,50.77,51.5,1.835119262574211
574,"Voya Financial, Inc.",71.88,72.09,70.92,72.43,71.88,72.09,70.92,72.43,1.3148808100866893
575,"Vroom, Inc.",10.73,10.3,10.01,11.195,10.73,10.3,10.01,11.195,7.768420741671608
576,VSE Corporation,75.82,76.61,75.25,80.18,75.82,76.61,75.25,80.18,1.7096430006481351
577,"Walker & Dunlop, Inc.",89.64,90.07,88.75,94.2,89.64,90.07,88.75,94.2,2.5102381630549355
578,"Warrior Met Coal, Inc.",55.35,55.71,54.01,55.83,55.35,55.71,54.01,55.83,1.6577856729901026
579,Wayfair Inc.,58.98,59.84,58.98,65.03,58.98,59.84,58.98,65.03,3.0798692173428006
580,Webster Financial Corporation,48.09,48.29,47.89,49.99,48.09,48.29,47.89,49.99,1.2982936889406234
581,"WEC Energy Group, Inc.",80.77,81.0,80.21,81.56,80.77,81.0,80.21,81.56,1.5259920756022134
582,Welltower Inc.,93.38,93.66,92.31,93.72,93.38,93.66,92.31,93.72,1.6645635574583024
583,West Fraser Timber Co. Ltd.,81.65,81.87,81.65,86.19,81.65,81.87,81.65,86.19,2.0164281148759144
584,Westamerica Bancorporation,46.215,46.37,46.215,48.045,46.215,46.37,46.215,48.045,1.2669045735919287
585,Western Alliance Bancorporation,57.97,58.33,57.64,62.25,57.97,58.33,57.64,62.25,2.3329366123865523
586,"Winnebago Industries, Inc.",64.15,63.77,63.82,65.74,64.15,63.77,63.82,65.74,1.7221827431330605
587,Wintrust Financial Corporation,97.56,98.12,97.415,99.83,97.56,98.12,97.415,99.83,2.141210298689585
588,WNS (Holdings) Limited,53.76,53.88,53.4,55.0,53.76,53.88,53.4,55.0,2.169761642577156
589,"Wolfspeed, Inc.",24.92,24.82,24.4775,27.3,24.92,24.82,24.4775,27.3,2.234136823623899
590,Workiva Inc.,84.0,83.92,83.895,86.32,84.0,83.92,83.895,86.32,2.8739522298177085
591,WSFS Financial Corporation,41.97,42.18,41.8482,44.07,41.97,42.18,41.8482,44.07,1.400046976785811
592,"Wyndham Hotels & Resorts, Inc.",77.66,77.66,76.4,77.76,77.66,77.66,76.4,77.76,1.4787736468844943
593,"Wynn Resorts, Limited",99.68,99.75,98.87,100.34,99.68,99.75,98.87,100.34,2.4769842662508523
594,Xenon Pharmaceuticals Inc.,44.05,44.35,43.02,44.05,44.05,44.35,43.02,44.05,1.49127777795943
595,"XPEL, Inc.",49.57,49.67,49.57,52.82,49.57,49.67,49.57,52.82,2.3233490747118752
596,"YETI Holdings, Inc.",36.31,36.49,36.31,37.48,36.31,36.49,36.31,37.48,1.3789682388305664
597,Zai Lab Limited,18.01,18.27,16.91,18.01,18.01,18.27,16.91,18.01,1.3001903806413924
598,"Ziff Davis, Inc.",62.55,62.67,62.38,64.04,62.55,62.67,62.38,64.04,1.6720236672295465
599,"Zillow Group, Inc.",47.2,47.1,46.57,48.42,47.2,47.1,46.57,48.42,1.6126189913068498
600,"Zillow Group, Inc.",47.91,48.15,47.57,49.46,47.91,48.15,47.57,49.46,1.686071547250899
601,"Zions Bancorporation, National Association",39.58,39.78,39.28,41.65,39.58,39.78,39.28,41.65,1.4769443481687516
602,"Zoom Video Communications, Inc.",66.68,66.53,65.97,67.26,66.68,66.53,65.97,67.26,1.9567700037880549
